id,created_at,chapter,topic,subtopic,seeded
1,2024-11-15 22:41:39.621755,Practical Applications of World War II,Geography,World War II,False
2,2024-11-15 22:41:39.621825,Introduction to World War II,Geography,World War II,False
3,2024-11-15 22:41:39.621834,Introduction to World War II,Geography,World War II,False
4,2024-11-15 22:41:39.621839,Practical Applications of World War II,Geography,World War II,False
5,2024-11-15 22:41:39.621843,Theoretical Approaches to World War II,Geography,World War II,False
6,2024-11-15 22:41:39.621858,Future Directions in Climate Change,Geography,Climate Change,False
7,2024-11-15 22:41:39.621863,Practical Applications of Climate Change,Geography,Climate Change,False
8,2024-11-15 22:41:39.621867,Advanced Concepts in Climate Change,Geography,Climate Change,False
9,2024-11-15 22:41:39.621871,Advanced Concepts in Climate Change,Geography,Climate Change,False
10,2024-11-15 22:41:39.621874,Introduction to Climate Change,Geography,Climate Change,False
11,2024-11-15 22:41:39.621883,Practical Applications of Urban Development,Geography,Urban Development,False
12,2024-11-15 22:41:39.621887,Challenges in Urban Development,Geography,Urban Development,False
13,2024-11-15 22:41:39.621891,Advanced Concepts in Urban Development,Geography,Urban Development,False
14,2024-11-15 22:41:39.621897,Fundamentals of Urban Development,Geography,Urban Development,False
15,2024-11-15 22:41:39.621903,Theoretical Approaches to Urban Development,Geography,Urban Development,False
16,2024-11-15 22:41:39.621915,Future Directions in Globalization,Geography,Globalization,False
17,2024-11-15 22:41:39.621921,Advanced Concepts in Globalization,Geography,Globalization,False
18,2024-11-15 22:41:39.621927,Advanced Concepts in Globalization,Geography,Globalization,False
19,2024-11-15 22:41:39.621932,Case Studies on Globalization,Geography,Globalization,False
20,2024-11-15 22:41:39.621935,Introduction to Globalization,Geography,Globalization,False
21,2024-11-15 22:41:39.621943,Modern Developments in Natural Resources,Geography,Natural Resources,False
22,2024-11-15 22:41:39.621946,Modern Developments in Natural Resources,Geography,Natural Resources,False
23,2024-11-15 22:41:39.621950,Practical Applications of Natural Resources,Geography,Natural Resources,False
24,2024-11-15 22:41:39.621956,Practical Applications of Natural Resources,Geography,Natural Resources,False
25,2024-11-15 22:41:39.622045,Modern Developments in Natural Resources,Geography,Natural Resources,False
26,2024-11-15 22:41:39.622059,Theoretical Approaches to Geopolitics,Geography,Geopolitics,False
27,2024-11-15 22:41:39.622063,Modern Developments in Geopolitics,Geography,Geopolitics,False
28,2024-11-15 22:41:39.622067,Introduction to Geopolitics,Geography,Geopolitics,False
29,2024-11-15 22:41:39.622070,Challenges in Geopolitics,Geography,Geopolitics,False
30,2024-11-15 22:41:39.622074,Theoretical Approaches to Geopolitics,Geography,Geopolitics,False
31,2024-11-15 22:41:39.622095,Fundamentals of Algebra,Mathematics,Algebra,False
32,2024-11-15 22:41:39.622101,Case Studies on Algebra,Mathematics,Algebra,False
33,2024-11-15 22:41:39.622107,Practical Applications of Algebra,Mathematics,Algebra,False
34,2024-11-15 22:41:39.622123,Modern Developments in Algebra,Mathematics,Algebra,False
35,2024-11-15 22:41:39.622128,Modern Developments in Algebra,Mathematics,Algebra,False
36,2024-11-15 22:41:39.622141,Theoretical Approaches to Calculus,Mathematics,Calculus,False
37,2024-11-15 22:41:39.622146,Modern Developments in Calculus,Mathematics,Calculus,False
38,2024-11-15 22:41:39.622151,Advanced Concepts in Calculus,Mathematics,Calculus,False
39,2024-11-15 22:41:39.622157,Challenges in Calculus,Mathematics,Calculus,False
40,2024-11-15 22:41:39.622163,Future Directions in Calculus,Mathematics,Calculus,False
41,2024-11-15 22:41:39.622174,Challenges in Trigonometry,Mathematics,Trigonometry,False
42,2024-11-15 22:41:39.622180,Modern Developments in Trigonometry,Mathematics,Trigonometry,False
43,2024-11-15 22:41:39.622186,Introduction to Trigonometry,Mathematics,Trigonometry,False
44,2024-11-15 22:41:39.622191,Case Studies on Trigonometry,Mathematics,Trigonometry,False
45,2024-11-15 22:41:39.622197,Challenges in Trigonometry,Mathematics,Trigonometry,False
46,2024-11-15 22:41:39.622209,Historical Background of Statistics,Mathematics,Statistics,False
47,2024-11-15 22:41:39.622216,Modern Developments in Statistics,Mathematics,Statistics,False
48,2024-11-15 22:41:39.622221,Case Studies on Statistics,Mathematics,Statistics,False
49,2024-11-15 22:41:39.622226,Historical Background of Statistics,Mathematics,Statistics,False
50,2024-11-15 22:41:39.622231,Modern Developments in Statistics,Mathematics,Statistics,False
51,2024-11-15 22:41:39.622243,Challenges in Probability,Mathematics,Probability,False
52,2024-11-15 22:41:39.622250,Modern Developments in Probability,Mathematics,Probability,False
53,2024-11-15 22:41:39.622261,Introduction to Probability,Mathematics,Probability,False
54,2024-11-15 22:41:39.622268,Future Directions in Probability,Mathematics,Probability,False
55,2024-11-15 22:41:39.622274,Fundamentals of Probability,Mathematics,Probability,False
56,2024-11-15 22:41:39.622286,Future Directions in Geometry,Mathematics,Geometry,False
57,2024-11-15 22:41:39.622292,Practical Applications of Geometry,Mathematics,Geometry,False
58,2024-11-15 22:41:39.622300,Future Directions in Geometry,Mathematics,Geometry,False
59,2024-11-15 22:41:39.622305,Fundamentals of Geometry,Mathematics,Geometry,False
60,2024-11-15 22:41:39.622311,Introduction to Geometry,Mathematics,Geometry,False
61,2024-11-15 22:41:39.622324,Advanced Concepts in Ancient Civilizations,History,Ancient Civilizations,False
62,2024-11-15 22:41:39.622331,Advanced Concepts in Ancient Civilizations,History,Ancient Civilizations,False
63,2024-11-15 22:41:39.622334,Theoretical Approaches to Ancient Civilizations,History,Ancient Civilizations,False
64,2024-11-15 22:41:39.622348,Modern Developments in Ancient Civilizations,History,Ancient Civilizations,False
65,2024-11-15 22:41:39.622351,Theoretical Approaches to Ancient Civilizations,History,Ancient Civilizations,False
66,2024-11-15 22:41:39.622359,Future Directions in Medieval History,History,Medieval History,False
67,2024-11-15 22:41:39.622362,Theoretical Approaches to Medieval History,History,Medieval History,False
68,2024-11-15 22:41:39.622365,Introduction to Medieval History,History,Medieval History,False
69,2024-11-15 22:41:39.622369,Historical Background of Medieval History,History,Medieval History,False
70,2024-11-15 22:41:39.622372,Case Studies on Medieval History,History,Medieval History,False
71,2024-11-15 22:41:39.622382,Fundamentals of Modern History,History,Modern History,False
72,2024-11-15 22:41:39.622386,Modern Developments in Modern History,History,Modern History,False
73,2024-11-15 22:41:39.622389,Theoretical Approaches to Modern History,History,Modern History,False
74,2024-11-15 22:41:39.622393,Modern Developments in Modern History,History,Modern History,False
75,2024-11-15 22:41:39.622396,Introduction to Modern History,History,Modern History,False
76,2024-11-15 22:41:39.622404,Introduction to American Revolution,History,American Revolution,False
77,2024-11-15 22:41:39.622410,Practical Applications of American Revolution,History,American Revolution,False
78,2024-11-15 22:41:39.622417,Fundamentals of American Revolution,History,American Revolution,False
79,2024-11-15 22:41:39.622422,Challenges in American Revolution,History,American Revolution,False
80,2024-11-15 22:41:39.622428,Case Studies on American Revolution,History,American Revolution,False
81,2024-11-15 22:41:39.622439,Case Studies on Industrial Revolution,History,Industrial Revolution,False
82,2024-11-15 22:41:39.622445,Future Directions in Industrial Revolution,History,Industrial Revolution,False
83,2024-11-15 22:41:39.622451,Modern Developments in Industrial Revolution,History,Industrial Revolution,False
84,2024-11-15 22:41:39.622457,Fundamentals of Industrial Revolution,History,Industrial Revolution,False
85,2024-11-15 22:41:39.622463,Advanced Concepts in Industrial Revolution,History,Industrial Revolution,False
86,2024-11-15 22:41:39.622471,Advanced Concepts in Cold War,History,Cold War,False
87,2024-11-15 22:41:39.622475,Advanced Concepts in Cold War,History,Cold War,False
88,2024-11-15 22:41:39.622478,Fundamentals of Cold War,History,Cold War,False
89,2024-11-15 22:41:39.622485,Historical Background of Cold War,History,Cold War,False
90,2024-11-15 22:41:39.622489,Advanced Concepts in Cold War,History,Cold War,False
91,2024-11-15 22:41:39.622496,Case Studies on Programming,Computer Science,Programming,False
92,2024-11-15 22:41:39.622500,Modern Developments in Programming,Computer Science,Programming,False
93,2024-11-15 22:41:39.622503,Future Directions in Programming,Computer Science,Programming,False
94,2024-11-15 22:41:39.622507,Case Studies on Programming,Computer Science,Programming,False
95,2024-11-15 22:41:39.622510,Advanced Concepts in Programming,Computer Science,Programming,False
96,2024-11-15 22:41:39.622517,Modern Developments in Algorithms,Computer Science,Algorithms,False
97,2024-11-15 22:41:39.622520,Case Studies on Algorithms,Computer Science,Algorithms,False
98,2024-11-15 22:41:39.622523,Historical Background of Algorithms,Computer Science,Algorithms,False
99,2024-11-15 22:41:39.622527,Modern Developments in Algorithms,Computer Science,Algorithms,False
100,2024-11-15 22:41:39.622531,Practical Applications of Algorithms,Computer Science,Algorithms,False
101,2024-11-15 22:41:39.622539,Introduction to Data Structures,Computer Science,Data Structures,False
102,2024-11-15 22:41:39.622544,Challenges in Data Structures,Computer Science,Data Structures,False
103,2024-11-15 22:41:39.622547,Future Directions in Data Structures,Computer Science,Data Structures,False
104,2024-11-15 22:41:39.622550,Introduction to Data Structures,Computer Science,Data Structures,False
105,2024-11-15 22:41:39.622554,Challenges in Data Structures,Computer Science,Data Structures,False
106,2024-11-15 22:41:39.622560,Fundamentals of Machine Learning,Computer Science,Machine Learning,False
107,2024-11-15 22:41:39.622564,Fundamentals of Machine Learning,Computer Science,Machine Learning,False
108,2024-11-15 22:41:39.622570,Fundamentals of Machine Learning,Computer Science,Machine Learning,False
109,2024-11-15 22:41:39.622575,Introduction to Machine Learning,Computer Science,Machine Learning,False
110,2024-11-15 22:41:39.622581,Historical Background of Machine Learning,Computer Science,Machine Learning,False
111,2024-11-15 22:41:39.622591,Theoretical Approaches to Databases,Computer Science,Databases,False
112,2024-11-15 22:41:39.622596,Introduction to Databases,Computer Science,Databases,False
113,2024-11-15 22:41:39.622601,Fundamentals of Databases,Computer Science,Databases,False
114,2024-11-15 22:41:39.622605,Challenges in Databases,Computer Science,Databases,False
115,2024-11-15 22:41:39.622610,Introduction to Databases,Computer Science,Databases,False
116,2024-11-15 22:41:39.622620,Challenges in Computer Networks,Computer Science,Computer Networks,False
117,2024-11-15 22:41:39.622625,Advanced Concepts in Computer Networks,Computer Science,Computer Networks,False
118,2024-11-15 22:41:39.622630,Future Directions in Computer Networks,Computer Science,Computer Networks,False
119,2024-11-15 22:41:39.622635,Theoretical Approaches to Computer Networks,Computer Science,Computer Networks,False
120,2024-11-15 22:41:39.622641,Theoretical Approaches to Computer Networks,Computer Science,Computer Networks,False
121,2024-11-15 22:41:39.622651,Challenges in Cell Biology,Biology,Cell Biology,False
122,2024-11-15 22:41:39.622659,Modern Developments in Cell Biology,Biology,Cell Biology,False
123,2024-11-15 22:41:39.622665,Challenges in Cell Biology,Biology,Cell Biology,False
124,2024-11-15 22:41:39.622670,Introduction to Cell Biology,Biology,Cell Biology,False
125,2024-11-15 22:41:39.622676,Theoretical Approaches to Cell Biology,Biology,Cell Biology,False
126,2024-11-15 22:41:39.622686,Future Directions in Genetics,Biology,Genetics,False
127,2024-11-15 22:41:39.622692,Historical Background of Genetics,Biology,Genetics,False
128,2024-11-15 22:41:39.622698,Theoretical Approaches to Genetics,Biology,Genetics,False
129,2024-11-15 22:41:39.622703,Future Directions in Genetics,Biology,Genetics,False
130,2024-11-15 22:41:39.622710,Advanced Concepts in Genetics,Biology,Genetics,False
131,2024-11-15 22:41:39.622722,Advanced Concepts in Evolution,Biology,Evolution,False
132,2024-11-15 22:41:39.622728,Case Studies on Evolution,Biology,Evolution,False
133,2024-11-15 22:41:39.622733,Advanced Concepts in Evolution,Biology,Evolution,False
134,2024-11-15 22:41:39.622738,Future Directions in Evolution,Biology,Evolution,False
135,2024-11-15 22:41:39.622743,Case Studies on Evolution,Biology,Evolution,False
136,2024-11-15 22:41:39.622755,Challenges in Ecology,Biology,Ecology,False
137,2024-11-15 22:41:39.622760,Fundamentals of Ecology,Biology,Ecology,False
138,2024-11-15 22:41:39.622766,Challenges in Ecology,Biology,Ecology,False
139,2024-11-15 22:41:39.622772,Future Directions in Ecology,Biology,Ecology,False
140,2024-11-15 22:41:39.622778,Fundamentals of Ecology,Biology,Ecology,False
141,2024-11-15 22:41:39.622787,Modern Developments in Human Anatomy,Biology,Human Anatomy,False
142,2024-11-15 22:41:39.622791,Future Directions in Human Anatomy,Biology,Human Anatomy,False
143,2024-11-15 22:41:39.622794,Advanced Concepts in Human Anatomy,Biology,Human Anatomy,False
144,2024-11-15 22:41:39.622798,Future Directions in Human Anatomy,Biology,Human Anatomy,False
145,2024-11-15 22:41:39.622801,Fundamentals of Human Anatomy,Biology,Human Anatomy,False
146,2024-11-15 22:41:39.622809,Theoretical Approaches to Plant Biology,Biology,Plant Biology,False
147,2024-11-15 22:41:39.622812,Modern Developments in Plant Biology,Biology,Plant Biology,False
148,2024-11-15 22:41:39.622815,Historical Background of Plant Biology,Biology,Plant Biology,False
149,2024-11-15 22:41:39.622819,Practical Applications of Plant Biology,Biology,Plant Biology,False
150,2024-11-15 22:41:39.622822,Modern Developments in Plant Biology,Biology,Plant Biology,False
151,2024-11-15 22:41:39.622829,Advanced Concepts in Organic Chemistry,Chemistry,Organic Chemistry,False
152,2024-11-15 22:41:39.622833,Advanced Concepts in Organic Chemistry,Chemistry,Organic Chemistry,False
153,2024-11-15 22:41:39.622836,Challenges in Organic Chemistry,Chemistry,Organic Chemistry,False
154,2024-11-15 22:41:39.622839,Theoretical Approaches to Organic Chemistry,Chemistry,Organic Chemistry,False
155,2024-11-15 22:41:39.622843,Fundamentals of Organic Chemistry,Chemistry,Organic Chemistry,False
156,2024-11-15 22:41:39.623107,Fundamentals of Inorganic Chemistry,Chemistry,Inorganic Chemistry,False
157,2024-11-15 22:41:39.623136,Case Studies on Inorganic Chemistry,Chemistry,Inorganic Chemistry,False
158,2024-11-15 22:41:39.623144,Case Studies on Inorganic Chemistry,Chemistry,Inorganic Chemistry,False
159,2024-11-15 22:41:39.623152,Fundamentals of Inorganic Chemistry,Chemistry,Inorganic Chemistry,False
160,2024-11-15 22:41:39.623159,Fundamentals of Inorganic Chemistry,Chemistry,Inorganic Chemistry,False
161,2024-11-15 22:41:39.623176,Introduction to Physical Chemistry,Chemistry,Physical Chemistry,False
162,2024-11-15 22:41:39.623183,Future Directions in Physical Chemistry,Chemistry,Physical Chemistry,False
163,2024-11-15 22:41:39.623190,Practical Applications of Physical Chemistry,Chemistry,Physical Chemistry,False
164,2024-11-15 22:41:39.623197,Fundamentals of Physical Chemistry,Chemistry,Physical Chemistry,False
165,2024-11-15 22:41:39.623203,Practical Applications of Physical Chemistry,Chemistry,Physical Chemistry,False
166,2024-11-15 22:41:39.623216,Fundamentals of Analytical Chemistry,Chemistry,Analytical Chemistry,False
167,2024-11-15 22:41:39.623223,Practical Applications of Analytical Chemistry,Chemistry,Analytical Chemistry,False
168,2024-11-15 22:41:39.623229,Fundamentals of Analytical Chemistry,Chemistry,Analytical Chemistry,False
169,2024-11-15 22:41:39.623235,Fundamentals of Analytical Chemistry,Chemistry,Analytical Chemistry,False
170,2024-11-15 22:41:39.623242,Challenges in Analytical Chemistry,Chemistry,Analytical Chemistry,False
171,2024-11-15 22:41:39.623255,Theoretical Approaches to Biochemistry,Chemistry,Biochemistry,False
172,2024-11-15 22:41:39.623262,Historical Background of Biochemistry,Chemistry,Biochemistry,False
173,2024-11-15 22:41:39.623268,Case Studies on Biochemistry,Chemistry,Biochemistry,False
174,2024-11-15 22:41:39.623276,Challenges in Biochemistry,Chemistry,Biochemistry,False
175,2024-11-15 22:41:39.623283,Case Studies on Biochemistry,Chemistry,Biochemistry,False
176,2024-11-15 22:41:39.623295,Practical Applications of Quantum Chemistry,Chemistry,Quantum Chemistry,False
177,2024-11-15 22:41:39.623302,Theoretical Approaches to Quantum Chemistry,Chemistry,Quantum Chemistry,False
178,2024-11-15 22:41:39.623308,Future Directions in Quantum Chemistry,Chemistry,Quantum Chemistry,False
179,2024-11-15 22:41:39.623315,Modern Developments in Quantum Chemistry,Chemistry,Quantum Chemistry,False
180,2024-11-15 22:41:39.623321,Historical Background of Quantum Chemistry,Chemistry,Quantum Chemistry,False
181,2024-11-15 22:41:39.623335,Practical Applications of Mechanics,Physics,Mechanics,False
182,2024-11-15 22:41:39.623342,Challenges in Mechanics,Physics,Mechanics,False
183,2024-11-15 22:41:39.623349,Future Directions in Mechanics,Physics,Mechanics,False
184,2024-11-15 22:41:39.623355,Historical Background of Mechanics,Physics,Mechanics,False
185,2024-11-15 22:41:39.623362,Fundamentals of Mechanics,Physics,Mechanics,False
186,2024-11-15 22:41:39.623377,Case Studies on Thermodynamics,Physics,Thermodynamics,False
187,2024-11-15 22:41:39.623385,Future Directions in Thermodynamics,Physics,Thermodynamics,False
188,2024-11-15 22:41:39.623391,Advanced Concepts in Thermodynamics,Physics,Thermodynamics,False
189,2024-11-15 22:41:39.623397,Advanced Concepts in Thermodynamics,Physics,Thermodynamics,False
190,2024-11-15 22:41:39.623404,Fundamentals of Thermodynamics,Physics,Thermodynamics,False
191,2024-11-15 22:41:39.623417,Theoretical Approaches to Electromagnetism,Physics,Electromagnetism,False
192,2024-11-15 22:41:39.623424,Theoretical Approaches to Electromagnetism,Physics,Electromagnetism,False
193,2024-11-15 22:41:39.623430,Theoretical Approaches to Electromagnetism,Physics,Electromagnetism,False
194,2024-11-15 22:41:39.623436,Challenges in Electromagnetism,Physics,Electromagnetism,False
195,2024-11-15 22:41:39.623443,Fundamentals of Electromagnetism,Physics,Electromagnetism,False
196,2024-11-15 22:41:39.623456,Advanced Concepts in Quantum Physics,Physics,Quantum Physics,False
197,2024-11-15 22:41:39.623463,Case Studies on Quantum Physics,Physics,Quantum Physics,False
198,2024-11-15 22:41:39.623469,Modern Developments in Quantum Physics,Physics,Quantum Physics,False
199,2024-11-15 22:41:39.623475,Future Directions in Quantum Physics,Physics,Quantum Physics,False
200,2024-11-15 22:41:39.623481,Modern Developments in Quantum Physics,Physics,Quantum Physics,False
201,2024-11-15 22:41:39.623494,Advanced Concepts in Optics,Physics,Optics,False
202,2024-11-15 22:41:39.623501,Historical Background of Optics,Physics,Optics,False
203,2024-11-15 22:41:39.623508,Introduction to Optics,Physics,Optics,False
204,2024-11-15 22:41:39.623514,Practical Applications of Optics,Physics,Optics,False
205,2024-11-15 22:41:39.623521,Practical Applications of Optics,Physics,Optics,False
206,2024-11-15 22:41:39.623534,Future Directions in Nuclear Physics,Physics,Nuclear Physics,False
207,2024-11-15 22:41:39.623540,Advanced Concepts in Nuclear Physics,Physics,Nuclear Physics,False
208,2024-11-15 22:41:39.623547,Challenges in Nuclear Physics,Physics,Nuclear Physics,False
209,2024-11-15 22:41:39.623553,Case Studies on Nuclear Physics,Physics,Nuclear Physics,False
210,2024-11-15 22:41:39.623559,Challenges in Nuclear Physics,Physics,Nuclear Physics,False
211,2024-11-15 22:41:39.623573,Historical Background of Poetry,English,Poetry,False
212,2024-11-15 22:41:39.623582,Future Directions in Poetry,English,Poetry,False
213,2024-11-15 22:41:39.623588,Introduction to Poetry,English,Poetry,False
214,2024-11-15 22:41:39.623595,Modern Developments in Poetry,English,Poetry,False
215,2024-11-15 22:41:39.623601,Advanced Concepts in Poetry,English,Poetry,False
216,2024-11-15 22:41:39.623613,Future Directions in Novels,English,Novels,False
217,2024-11-15 22:41:39.623620,Theoretical Approaches to Novels,English,Novels,False
218,2024-11-15 22:41:39.623627,Introduction to Novels,English,Novels,False
219,2024-11-15 22:41:39.623633,Modern Developments in Novels,English,Novels,False
220,2024-11-15 22:41:39.623640,Modern Developments in Novels,English,Novels,False
221,2024-11-15 22:41:39.623653,Challenges in Grammar,English,Grammar,False
222,2024-11-15 22:41:39.623659,Future Directions in Grammar,English,Grammar,False
223,2024-11-15 22:41:39.623666,Challenges in Grammar,English,Grammar,False
224,2024-11-15 22:41:39.623672,Fundamentals of Grammar,English,Grammar,False
225,2024-11-15 22:41:39.623678,Fundamentals of Grammar,English,Grammar,False
226,2024-11-15 22:41:39.623691,Introduction to Literary Analysis,English,Literary Analysis,False
227,2024-11-15 22:41:39.623697,Historical Background of Literary Analysis,English,Literary Analysis,False
228,2024-11-15 22:41:39.623704,Case Studies on Literary Analysis,English,Literary Analysis,False
229,2024-11-15 22:41:39.623710,Introduction to Literary Analysis,English,Literary Analysis,False
230,2024-11-15 22:41:39.623716,Theoretical Approaches to Literary Analysis,English,Literary Analysis,False
231,2024-11-15 22:41:39.623729,Challenges in Essay Writing,English,Essay Writing,False
232,2024-11-15 22:41:39.623735,Theoretical Approaches to Essay Writing,English,Essay Writing,False
233,2024-11-15 22:41:39.623742,Practical Applications of Essay Writing,English,Essay Writing,False
234,2024-11-15 22:41:39.623749,Challenges in Essay Writing,English,Essay Writing,False
235,2024-11-15 22:41:39.623755,Fundamentals of Essay Writing,English,Essay Writing,False
236,2024-11-15 22:41:39.623768,Case Studies on Drama,English,Drama,False
237,2024-11-15 22:41:39.623775,Theoretical Approaches to Drama,English,Drama,False
238,2024-11-15 22:41:39.623781,Future Directions in Drama,English,Drama,False
239,2024-11-15 22:41:39.623788,Fundamentals of Drama,English,Drama,False
240,2024-11-15 22:41:39.623794,Historical Background of Drama,English,Drama,False
241,2024-11-15 22:41:39.623807,Modern Developments in Microeconomics,Economics,Microeconomics,False
242,2024-11-15 22:41:39.623814,Future Directions in Microeconomics,Economics,Microeconomics,False
243,2024-11-15 22:41:39.623820,Practical Applications of Microeconomics,Economics,Microeconomics,False
244,2024-11-15 22:41:39.623827,Introduction to Microeconomics,Economics,Microeconomics,False
245,2024-11-15 22:41:39.623833,Modern Developments in Microeconomics,Economics,Microeconomics,False
246,2024-11-15 22:41:39.623845,Future Directions in Macroeconomics,Economics,Macroeconomics,False
247,2024-11-15 22:41:39.623852,Fundamentals of Macroeconomics,Economics,Macroeconomics,False
248,2024-11-15 22:41:39.623858,Theoretical Approaches to Macroeconomics,Economics,Macroeconomics,False
249,2024-11-15 22:41:39.623864,Theoretical Approaches to Macroeconomics,Economics,Macroeconomics,False
250,2024-11-15 22:41:39.623872,Challenges in Macroeconomics,Economics,Macroeconomics,False
251,2024-11-15 22:41:39.623886,Theoretical Approaches to Economic Theories,Economics,Economic Theories,False
252,2024-11-15 22:41:39.623893,Future Directions in Economic Theories,Economics,Economic Theories,False
253,2024-11-15 22:41:39.623899,Challenges in Economic Theories,Economics,Economic Theories,False
254,2024-11-15 22:41:39.623906,Case Studies on Economic Theories,Economics,Economic Theories,False
255,2024-11-15 22:41:39.623913,Challenges in Economic Theories,Economics,Economic Theories,False
256,2024-11-15 22:41:39.623927,Challenges in International Trade,Economics,International Trade,False
257,2024-11-15 22:41:39.623933,Future Directions in International Trade,Economics,International Trade,False
258,2024-11-15 22:41:39.623940,Practical Applications of International Trade,Economics,International Trade,False
259,2024-11-15 22:41:39.623947,Practical Applications of International Trade,Economics,International Trade,False
260,2024-11-15 22:41:39.623953,Historical Background of International Trade,Economics,International Trade,False
261,2024-11-15 22:41:39.623966,Advanced Concepts in Public Finance,Economics,Public Finance,False
262,2024-11-15 22:41:39.623973,Case Studies on Public Finance,Economics,Public Finance,False
263,2024-11-15 22:41:39.623980,Practical Applications of Public Finance,Economics,Public Finance,False
264,2024-11-15 22:41:39.623986,Introduction to Public Finance,Economics,Public Finance,False
265,2024-11-15 22:41:39.623993,Modern Developments in Public Finance,Economics,Public Finance,False
266,2024-11-15 22:41:39.624006,Modern Developments in Development Economics,Economics,Development Economics,False
267,2024-11-15 22:41:39.624012,Advanced Concepts in Development Economics,Economics,Development Economics,False
268,2024-11-15 22:41:39.624019,Future Directions in Development Economics,Economics,Development Economics,False
269,2024-11-15 22:41:39.624025,Case Studies on Development Economics,Economics,Development Economics,False
270,2024-11-15 22:41:39.624032,Case Studies on Development Economics,Economics,Development Economics,False
271,2024-11-15 22:41:39.624047,Theoretical Approaches to Political Ideologies,Political Science,Political Ideologies,False
272,2024-11-15 22:41:39.624054,Advanced Concepts in Political Ideologies,Political Science,Political Ideologies,False
273,2024-11-15 22:41:39.624060,Fundamentals of Political Ideologies,Political Science,Political Ideologies,False
274,2024-11-15 22:41:39.624066,Advanced Concepts in Political Ideologies,Political Science,Political Ideologies,False
275,2024-11-15 22:41:39.624073,Modern Developments in Political Ideologies,Political Science,Political Ideologies,False
276,2024-11-15 22:41:39.624087,Case Studies on Governance,Political Science,Governance,False
277,2024-11-15 22:41:39.624094,Fundamentals of Governance,Political Science,Governance,False
278,2024-11-15 22:41:39.624100,Historical Background of Governance,Political Science,Governance,False
279,2024-11-15 22:41:39.624108,Historical Background of Governance,Political Science,Governance,False
280,2024-11-15 22:41:39.624115,Practical Applications of Governance,Political Science,Governance,False
281,2024-11-15 22:41:39.624128,Case Studies on Public Policy,Political Science,Public Policy,False
282,2024-11-15 22:41:39.624135,Advanced Concepts in Public Policy,Political Science,Public Policy,False
283,2024-11-15 22:41:39.624141,Historical Background of Public Policy,Political Science,Public Policy,False
284,2024-11-15 22:41:39.624148,Theoretical Approaches to Public Policy,Political Science,Public Policy,False
285,2024-11-15 22:41:39.624167,Advanced Concepts in Public Policy,Political Science,Public Policy,False
286,2024-11-15 22:41:39.624180,Introduction to International Relations,Political Science,International Relations,False
287,2024-11-15 22:41:39.624188,Introduction to International Relations,Political Science,International Relations,False
288,2024-11-15 22:41:39.624194,Practical Applications of International Relations,Political Science,International Relations,False
289,2024-11-15 22:41:39.624200,Case Studies on International Relations,Political Science,International Relations,False
290,2024-11-15 22:41:39.624206,Fundamentals of International Relations,Political Science,International Relations,False
291,2024-11-15 22:41:39.624219,Challenges in Comparative Politics,Political Science,Comparative Politics,False
292,2024-11-15 22:41:39.624226,Challenges in Comparative Politics,Political Science,Comparative Politics,False
293,2024-11-15 22:41:39.624232,Historical Background of Comparative Politics,Political Science,Comparative Politics,False
294,2024-11-15 22:41:39.624238,Case Studies on Comparative Politics,Political Science,Comparative Politics,False
295,2024-11-15 22:41:39.624245,Challenges in Comparative Politics,Political Science,Comparative Politics,False
296,2024-11-15 22:41:39.624258,Fundamentals of Political Economy,Political Science,Political Economy,False
297,2024-11-15 22:41:39.624264,Modern Developments in Political Economy,Political Science,Political Economy,False
298,2024-11-15 22:41:39.624270,Theoretical Approaches to Political Economy,Political Science,Political Economy,False
299,2024-11-15 22:41:39.624277,Fundamentals of Political Economy,Political Science,Political Economy,False
300,2024-11-15 22:41:39.624284,Fundamentals of Political Economy,Political Science,Political Economy,False
301,2024-11-15 22:41:39.624297,Practical Applications of Cognitive Psychology,Psychology,Cognitive Psychology,False
302,2024-11-15 22:41:39.624304,Modern Developments in Cognitive Psychology,Psychology,Cognitive Psychology,False
303,2024-11-15 22:41:39.624310,Fundamentals of Cognitive Psychology,Psychology,Cognitive Psychology,False
304,2024-11-15 22:41:39.624317,Fundamentals of Cognitive Psychology,Psychology,Cognitive Psychology,False
305,2024-11-15 22:41:39.624323,Fundamentals of Cognitive Psychology,Psychology,Cognitive Psychology,False
306,2024-11-15 22:41:39.624336,Advanced Concepts in Developmental Psychology,Psychology,Developmental Psychology,False
307,2024-11-15 22:41:39.624343,Practical Applications of Developmental Psychology,Psychology,Developmental Psychology,False
308,2024-11-15 22:41:39.624349,Practical Applications of Developmental Psychology,Psychology,Developmental Psychology,False
309,2024-11-15 22:41:39.624355,Practical Applications of Developmental Psychology,Psychology,Developmental Psychology,False
310,2024-11-15 22:41:39.624367,Future Directions in Developmental Psychology,Psychology,Developmental Psychology,False
311,2024-11-15 22:41:39.624380,Case Studies on Social Psychology,Psychology,Social Psychology,False
312,2024-11-15 22:41:39.624387,Fundamentals of Social Psychology,Psychology,Social Psychology,False
313,2024-11-15 22:41:39.624393,Advanced Concepts in Social Psychology,Psychology,Social Psychology,False
314,2024-11-15 22:41:39.624401,Future Directions in Social Psychology,Psychology,Social Psychology,False
315,2024-11-15 22:41:39.624407,Fundamentals of Social Psychology,Psychology,Social Psychology,False
316,2024-11-15 22:41:39.624421,Challenges in Behavioral Psychology,Psychology,Behavioral Psychology,False
317,2024-11-15 22:41:39.624427,Advanced Concepts in Behavioral Psychology,Psychology,Behavioral Psychology,False
318,2024-11-15 22:41:39.624433,Theoretical Approaches to Behavioral Psychology,Psychology,Behavioral Psychology,False
319,2024-11-15 22:41:39.624441,Practical Applications of Behavioral Psychology,Psychology,Behavioral Psychology,False
320,2024-11-15 22:41:39.624447,Case Studies on Behavioral Psychology,Psychology,Behavioral Psychology,False
321,2024-11-15 22:41:39.624460,Fundamentals of Clinical Psychology,Psychology,Clinical Psychology,False
322,2024-11-15 22:41:39.624467,Theoretical Approaches to Clinical Psychology,Psychology,Clinical Psychology,False
323,2024-11-15 22:41:39.624473,Fundamentals of Clinical Psychology,Psychology,Clinical Psychology,False
324,2024-11-15 22:41:39.624479,Theoretical Approaches to Clinical Psychology,Psychology,Clinical Psychology,False
325,2024-11-15 22:41:39.624486,Historical Background of Clinical Psychology,Psychology,Clinical Psychology,False
326,2024-11-15 22:41:39.624499,Introduction to Neuropsychology,Psychology,Neuropsychology,False
327,2024-11-15 22:41:39.624506,Fundamentals of Neuropsychology,Psychology,Neuropsychology,False
328,2024-11-15 22:41:39.624512,Historical Background of Neuropsychology,Psychology,Neuropsychology,False
329,2024-11-15 22:41:39.624518,Theoretical Approaches to Neuropsychology,Psychology,Neuropsychology,False
330,2024-11-15 22:41:39.624524,Challenges in Neuropsychology,Psychology,Neuropsychology,False
331,2024-11-15 22:41:39.624537,Modern Developments in Metaphysics,Philosophy,Metaphysics,False
332,2024-11-15 22:41:39.624544,Introduction to Metaphysics,Philosophy,Metaphysics,False
333,2024-11-15 22:41:39.624550,Future Directions in Metaphysics,Philosophy,Metaphysics,False
334,2024-11-15 22:41:39.624557,Practical Applications of Metaphysics,Philosophy,Metaphysics,False
335,2024-11-15 22:41:39.624564,Practical Applications of Metaphysics,Philosophy,Metaphysics,False
336,2024-11-15 22:41:39.624585,Future Directions in Epistemology,Philosophy,Epistemology,False
337,2024-11-15 22:41:39.624592,Historical Background of Epistemology,Philosophy,Epistemology,False
338,2024-11-15 22:41:39.624598,Challenges in Epistemology,Philosophy,Epistemology,False
339,2024-11-15 22:41:39.624605,Practical Applications of Epistemology,Philosophy,Epistemology,False
340,2024-11-15 22:41:39.624611,Advanced Concepts in Epistemology,Philosophy,Epistemology,False
341,2024-11-15 22:41:39.624625,Modern Developments in Ethics,Philosophy,Ethics,False
342,2024-11-15 22:41:39.624632,Fundamentals of Ethics,Philosophy,Ethics,False
343,2024-11-15 22:41:39.624638,Advanced Concepts in Ethics,Philosophy,Ethics,False
344,2024-11-15 22:41:39.624645,Introduction to Ethics,Philosophy,Ethics,False
345,2024-11-15 22:41:39.624651,Practical Applications of Ethics,Philosophy,Ethics,False
346,2024-11-15 22:41:39.624664,Introduction to Logic,Philosophy,Logic,False
347,2024-11-15 22:41:39.624670,Challenges in Logic,Philosophy,Logic,False
348,2024-11-15 22:41:39.624677,Fundamentals of Logic,Philosophy,Logic,False
349,2024-11-15 22:41:39.624683,Case Studies on Logic,Philosophy,Logic,False
350,2024-11-15 22:41:39.624689,Case Studies on Logic,Philosophy,Logic,False
351,2024-11-15 22:41:39.624707,Case Studies on Political Philosophy,Philosophy,Political Philosophy,False
352,2024-11-15 22:41:39.624714,Historical Background of Political Philosophy,Philosophy,Political Philosophy,False
353,2024-11-15 22:41:39.624720,Historical Background of Political Philosophy,Philosophy,Political Philosophy,False
354,2024-11-15 22:41:39.624727,Practical Applications of Political Philosophy,Philosophy,Political Philosophy,False
355,2024-11-15 22:41:39.624733,Practical Applications of Political Philosophy,Philosophy,Political Philosophy,False
356,2024-11-15 22:41:39.624745,Practical Applications of Aesthetics,Philosophy,Aesthetics,False
357,2024-11-15 22:41:39.624752,Theoretical Approaches to Aesthetics,Philosophy,Aesthetics,False
358,2024-11-15 22:41:39.624758,Historical Background of Aesthetics,Philosophy,Aesthetics,False
359,2024-11-15 22:41:39.624765,Practical Applications of Aesthetics,Philosophy,Aesthetics,False
360,2024-11-15 22:41:39.624773,Challenges in Aesthetics,Philosophy,Aesthetics,False
361,2024-11-15 22:41:39.624792,Case Studies on Social Theory,Sociology,Social Theory,False
362,2024-11-15 22:41:39.624803,Fundamentals of Social Theory,Sociology,Social Theory,False
363,2024-11-15 22:41:39.624811,Fundamentals of Social Theory,Sociology,Social Theory,False
364,2024-11-15 22:41:39.624821,Case Studies on Social Theory,Sociology,Social Theory,False
365,2024-11-15 22:41:39.624827,Case Studies on Social Theory,Sociology,Social Theory,False
366,2024-11-15 22:41:39.624840,Future Directions in Research Methods,Sociology,Research Methods,False
367,2024-11-15 22:41:39.624847,Fundamentals of Research Methods,Sociology,Research Methods,False
368,2024-11-15 22:41:39.624854,Historical Background of Research Methods,Sociology,Research Methods,False
369,2024-11-15 22:41:39.624860,Theoretical Approaches to Research Methods,Sociology,Research Methods,False
370,2024-11-15 22:41:39.624866,Theoretical Approaches to Research Methods,Sociology,Research Methods,False
371,2024-11-15 22:41:39.624878,Practical Applications of Cultural Studies,Sociology,Cultural Studies,False
372,2024-11-15 22:41:39.624885,Case Studies on Cultural Studies,Sociology,Cultural Studies,False
373,2024-11-15 22:41:39.626070,Challenges in Cultural Studies,Sociology,Cultural Studies,False
374,2024-11-15 22:41:39.626353,Future Directions in Cultural Studies,Sociology,Cultural Studies,False
375,2024-11-15 22:41:39.626372,Modern Developments in Cultural Studies,Sociology,Cultural Studies,False
376,2024-11-15 22:41:39.626392,Future Directions in Social Movements,Sociology,Social Movements,False
377,2024-11-15 22:41:39.626398,Historical Background of Social Movements,Sociology,Social Movements,False
378,2024-11-15 22:41:39.626414,Future Directions in Social Movements,Sociology,Social Movements,False
379,2024-11-15 22:41:39.626419,Introduction to Social Movements,Sociology,Social Movements,False
380,2024-11-15 22:41:39.626425,Future Directions in Social Movements,Sociology,Social Movements,False
381,2024-11-15 22:41:39.626441,Practical Applications of Family Studies,Sociology,Family Studies,False
382,2024-11-15 22:41:39.626452,Fundamentals of Family Studies,Sociology,Family Studies,False
383,2024-11-15 22:41:39.626458,Introduction to Family Studies,Sociology,Family Studies,False
384,2024-11-15 22:41:39.626465,Case Studies on Family Studies,Sociology,Family Studies,False
385,2024-11-15 22:41:39.626471,Advanced Concepts in Family Studies,Sociology,Family Studies,False
386,2024-11-15 22:41:39.626489,Theoretical Approaches to Criminology,Sociology,Criminology,False
387,2024-11-15 22:41:39.626495,Case Studies on Criminology,Sociology,Criminology,False
388,2024-11-15 22:41:39.626501,Future Directions in Criminology,Sociology,Criminology,False
389,2024-11-15 22:41:39.626508,Introduction to Criminology,Sociology,Criminology,False
390,2024-11-15 22:41:39.626514,Case Studies on Criminology,Sociology,Criminology,False
391,2024-11-15 22:41:39.626528,Practical Applications of Biodiversity,Environmental Science,Biodiversity,False
392,2024-11-15 22:41:39.626534,Practical Applications of Biodiversity,Environmental Science,Biodiversity,False
393,2024-11-15 22:41:39.626540,Fundamentals of Biodiversity,Environmental Science,Biodiversity,False
394,2024-11-15 22:41:39.626547,Future Directions in Biodiversity,Environmental Science,Biodiversity,False
395,2024-11-15 22:41:39.626553,Case Studies on Biodiversity,Environmental Science,Biodiversity,False
396,2024-11-15 22:41:39.626565,Practical Applications of Conservation,Environmental Science,Conservation,False
397,2024-11-15 22:41:39.626571,Modern Developments in Conservation,Environmental Science,Conservation,False
398,2024-11-15 22:41:39.626578,Challenges in Conservation,Environmental Science,Conservation,False
399,2024-11-15 22:41:39.626584,Advanced Concepts in Conservation,Environmental Science,Conservation,False
400,2024-11-15 22:41:39.626594,Modern Developments in Conservation,Environmental Science,Conservation,False
401,2024-11-15 22:41:39.626607,Modern Developments in Pollution,Environmental Science,Pollution,False
402,2024-11-15 22:41:39.626623,Introduction to Pollution,Environmental Science,Pollution,False
403,2024-11-15 22:41:39.626633,Challenges in Pollution,Environmental Science,Pollution,False
404,2024-11-15 22:41:39.626640,Introduction to Pollution,Environmental Science,Pollution,False
405,2024-11-15 22:41:39.626647,Case Studies on Pollution,Environmental Science,Pollution,False
406,2024-11-15 22:41:39.626660,Fundamentals of Climate Policy,Environmental Science,Climate Policy,False
407,2024-11-15 22:41:39.626667,Introduction to Climate Policy,Environmental Science,Climate Policy,False
408,2024-11-15 22:41:39.626673,Theoretical Approaches to Climate Policy,Environmental Science,Climate Policy,False
409,2024-11-15 22:41:39.626679,Advanced Concepts in Climate Policy,Environmental Science,Climate Policy,False
410,2024-11-15 22:41:39.626686,Challenges in Climate Policy,Environmental Science,Climate Policy,False
411,2024-11-15 22:41:39.626701,Practical Applications of Renewable Energy,Environmental Science,Renewable Energy,False
412,2024-11-15 22:41:39.626708,Introduction to Renewable Energy,Environmental Science,Renewable Energy,False
413,2024-11-15 22:41:39.626718,Practical Applications of Renewable Energy,Environmental Science,Renewable Energy,False
414,2024-11-15 22:41:39.626724,Case Studies on Renewable Energy,Environmental Science,Renewable Energy,False
415,2024-11-15 22:41:39.626729,Challenges in Renewable Energy,Environmental Science,Renewable Energy,False
416,2024-11-15 22:41:39.626739,Advanced Concepts in Sustainable Development,Environmental Science,Sustainable Development,False
417,2024-11-15 22:41:39.626751,Modern Developments in Sustainable Development,Environmental Science,Sustainable Development,False
418,2024-11-15 22:41:39.626761,Theoretical Approaches to Sustainable Development,Environmental Science,Sustainable Development,False
419,2024-11-15 22:41:39.626768,Theoretical Approaches to Sustainable Development,Environmental Science,Sustainable Development,False
420,2024-11-15 22:41:39.626773,Introduction to Sustainable Development,Environmental Science,Sustainable Development,False
421,2024-11-15 22:41:39.626786,Advanced Concepts in Civil Engineering,Engineering,Civil Engineering,False
422,2024-11-15 22:41:39.626791,Case Studies on Civil Engineering,Engineering,Civil Engineering,False
423,2024-11-15 22:41:39.626797,Challenges in Civil Engineering,Engineering,Civil Engineering,False
424,2024-11-15 22:41:39.626804,Practical Applications of Civil Engineering,Engineering,Civil Engineering,False
425,2024-11-15 22:41:39.626809,Future Directions in Civil Engineering,Engineering,Civil Engineering,False
426,2024-11-15 22:41:39.626820,Introduction to Electrical Engineering,Engineering,Electrical Engineering,False
427,2024-11-15 22:41:39.626827,Theoretical Approaches to Electrical Engineering,Engineering,Electrical Engineering,False
428,2024-11-15 22:41:39.626833,Theoretical Approaches to Electrical Engineering,Engineering,Electrical Engineering,False
429,2024-11-15 22:41:39.626839,Case Studies on Electrical Engineering,Engineering,Electrical Engineering,False
430,2024-11-15 22:41:39.626846,Case Studies on Electrical Engineering,Engineering,Electrical Engineering,False
431,2024-11-15 22:41:39.626858,Case Studies on Mechanical Engineering,Engineering,Mechanical Engineering,False
432,2024-11-15 22:41:39.626864,Case Studies on Mechanical Engineering,Engineering,Mechanical Engineering,False
433,2024-11-15 22:41:39.626870,Historical Background of Mechanical Engineering,Engineering,Mechanical Engineering,False
434,2024-11-15 22:41:39.626877,Challenges in Mechanical Engineering,Engineering,Mechanical Engineering,False
435,2024-11-15 22:41:39.626883,Advanced Concepts in Mechanical Engineering,Engineering,Mechanical Engineering,False
436,2024-11-15 22:41:39.626899,Introduction to Chemical Engineering,Engineering,Chemical Engineering,False
437,2024-11-15 22:41:39.626910,Theoretical Approaches to Chemical Engineering,Engineering,Chemical Engineering,False
438,2024-11-15 22:41:39.626924,Advanced Concepts in Chemical Engineering,Engineering,Chemical Engineering,False
439,2024-11-15 22:41:39.626931,Historical Background of Chemical Engineering,Engineering,Chemical Engineering,False
440,2024-11-15 22:41:39.626937,Fundamentals of Chemical Engineering,Engineering,Chemical Engineering,False
441,2024-11-15 22:41:39.626950,Future Directions in Aerospace Engineering,Engineering,Aerospace Engineering,False
442,2024-11-15 22:41:39.626961,Fundamentals of Aerospace Engineering,Engineering,Aerospace Engineering,False
443,2024-11-15 22:41:39.626967,Practical Applications of Aerospace Engineering,Engineering,Aerospace Engineering,False
444,2024-11-15 22:41:39.626974,Historical Background of Aerospace Engineering,Engineering,Aerospace Engineering,False
445,2024-11-15 22:41:39.626982,Modern Developments in Aerospace Engineering,Engineering,Aerospace Engineering,False
446,2024-11-15 22:41:39.626995,Advanced Concepts in Environmental Engineering,Engineering,Environmental Engineering,False
447,2024-11-15 22:41:39.627001,Fundamentals of Environmental Engineering,Engineering,Environmental Engineering,False
448,2024-11-15 22:41:39.627008,Future Directions in Environmental Engineering,Engineering,Environmental Engineering,False
449,2024-11-15 22:41:39.627014,Challenges in Environmental Engineering,Engineering,Environmental Engineering,False
450,2024-11-15 22:41:39.627022,Modern Developments in Environmental Engineering,Engineering,Environmental Engineering,False
